[{
  "fields": {
    "model": "logentry",
    "name": "log entry",
    "app_label": "admin"
  },
  "model": "contenttypes.contenttype",
  "pk": 1
}, {
  "fields": {
    "model": "permission",
    "name": "permission",
    "app_label": "auth"
  },
  "model": "contenttypes.contenttype",
  "pk": 2
}, {
  "fields": {
    "model": "group",
    "name": "group",
    "app_label": "auth"
  },
  "model": "contenttypes.contenttype",
  "pk": 3
}, {
  "fields": {
    "model": "user",
    "name": "user",
    "app_label": "auth"
  },
  "model": "contenttypes.contenttype",
  "pk": 4
}, {
  "fields": {
    "model": "contenttype",
    "name": "content type",
    "app_label": "contenttypes"
  },
  "model": "contenttypes.contenttype",
  "pk": 5
}, {
  "fields": {
    "model": "session",
    "name": "session",
    "app_label": "sessions"
  },
  "model": "contenttypes.contenttype",
  "pk": 6
}, {
  "fields": {
    "model": "imagecategory",
    "name": "image category",
    "app_label": "assets"
  },
  "model": "contenttypes.contenttype",
  "pk": 7
}, {
  "fields": {
    "model": "image",
    "name": "image",
    "app_label": "assets"
  },
  "model": "contenttypes.contenttype",
  "pk": 8
}, {
  "fields": {
    "model": "filecategory",
    "name": "file category",
    "app_label": "assets"
  },
  "model": "contenttypes.contenttype",
  "pk": 9
}, {
  "fields": {
    "model": "file",
    "name": "file",
    "app_label": "assets"
  },
  "model": "contenttypes.contenttype",
  "pk": 10
}, {
  "fields": {
    "model": "category",
    "name": "category",
    "app_label": "news"
  },
  "model": "contenttypes.contenttype",
  "pk": 11
}, {
  "fields": {
    "model": "post",
    "name": "post",
    "app_label": "news"
  },
  "model": "contenttypes.contenttype",
  "pk": 12
}, {
  "fields": {
    "model": "page",
    "name": "page",
    "app_label": "pages"
  },
  "model": "contenttypes.contenttype",
  "pk": 13
}, {
  "fields": {
    "model": "specialevent",
    "name": "special event",
    "app_label": "events"
  },
  "model": "contenttypes.contenttype",
  "pk": 14
}, {
  "fields": {
    "model": "recurringevent",
    "name": "recurring event",
    "app_label": "events"
  },
  "model": "contenttypes.contenttype",
  "pk": 15
}, {
  "fields": {
    "model": "source",
    "name": "source",
    "app_label": "easy_thumbnails"
  },
  "model": "contenttypes.contenttype",
  "pk": 16
}, {
  "fields": {
    "model": "thumbnail",
    "name": "thumbnail",
    "app_label": "easy_thumbnails"
  },
  "model": "contenttypes.contenttype",
  "pk": 17
}, {
  "fields": {
    "model": "thumbnaildimensions",
    "name": "thumbnail dimensions",
    "app_label": "easy_thumbnails"
  },
  "model": "contenttypes.contenttype",
  "pk": 18
}, {
  "fields": {
    "model": "quicklink",
    "name": "quick link",
    "app_label": "easypage"
  },
  "model": "contenttypes.contenttype",
  "pk": 19
}, {
  "fields": {
    "model": "carousel",
    "name": "carousel",
    "app_label": "easypage"
  },
  "model": "contenttypes.contenttype",
  "pk": 20
}, {
  "fields": {
    "model": "featurette",
    "name": "featurette",
    "app_label": "easypage"
  },
  "model": "contenttypes.contenttype",
  "pk": 21
}, {
  "fields": {
    "expire_date": "2015-02-26T01:47:53.192Z",
    "session_data": "ZTc1ZDc5NzkwNzU1MjQwOGMyNTk4ZmIzMmUwNDdiNWY5YzRiZjY3MTp7fQ=="
  },
  "model": "sessions.session",
  "pk": "5y0bsnpd23nxu48sw7zq0huw6pqdfs2y"
}, {
  "fields": {
    "expire_date": "2015-02-27T23:06:16.254Z",
    "session_data": "MjM4NGJiZTkxMDRjYzRiNGNhZmZhOThkZTEzMWUwOWYzZTFhZjVmOTp7Il9hdXRoX3VzZXJfaGFzaCI6IjM5ODQ5OTBiN2NhZTRmODZkYjFkOGNlYTZmNWUwZmZiZDAyMzE4MjUiLCJfYXV0aF91c2VyX2JhY2tlbmQiOiJkamFuZ28uY29udHJpYi5hdXRoLmJhY2tlbmRzLk1vZGVsQmFja2VuZCIsIl9hdXRoX3VzZXJfaWQiOjF9"
  },
  "model": "sessions.session",
  "pk": "79ycr02c52541mgyuimmw3c874pjy3qz"
}, {
  "fields": {
    "expire_date": "2015-02-27T01:15:10.905Z",
    "session_data": "ZTc1ZDc5NzkwNzU1MjQwOGMyNTk4ZmIzMmUwNDdiNWY5YzRiZjY3MTp7fQ=="
  },
  "model": "sessions.session",
  "pk": "8pfdqwzbjvkar0lsqolcckp2nz6z2f23"
}, {
  "fields": {
    "expire_date": "2015-02-26T19:08:09.192Z",
    "session_data": "MjM4NGJiZTkxMDRjYzRiNGNhZmZhOThkZTEzMWUwOWYzZTFhZjVmOTp7Il9hdXRoX3VzZXJfaGFzaCI6IjM5ODQ5OTBiN2NhZTRmODZkYjFkOGNlYTZmNWUwZmZiZDAyMzE4MjUiLCJfYXV0aF91c2VyX2JhY2tlbmQiOiJkamFuZ28uY29udHJpYi5hdXRoLmJhY2tlbmRzLk1vZGVsQmFja2VuZCIsIl9hdXRoX3VzZXJfaWQiOjF9"
  },
  "model": "sessions.session",
  "pk": "bbhsawe6zdn1101ntjrwtb5grjl1m7mm"
}, {
  "fields": {
    "expire_date": "2015-02-26T01:55:38.400Z",
    "session_data": "MjM4NGJiZTkxMDRjYzRiNGNhZmZhOThkZTEzMWUwOWYzZTFhZjVmOTp7Il9hdXRoX3VzZXJfaGFzaCI6IjM5ODQ5OTBiN2NhZTRmODZkYjFkOGNlYTZmNWUwZmZiZDAyMzE4MjUiLCJfYXV0aF91c2VyX2JhY2tlbmQiOiJkamFuZ28uY29udHJpYi5hdXRoLmJhY2tlbmRzLk1vZGVsQmFja2VuZCIsIl9hdXRoX3VzZXJfaWQiOjF9"
  },
  "model": "sessions.session",
  "pk": "fgrw5eq35gbbictom7st5l7dwkv09vs5"
}, {
  "fields": {
    "expire_date": "2015-02-26T19:13:20.282Z",
    "session_data": "MjM4NGJiZTkxMDRjYzRiNGNhZmZhOThkZTEzMWUwOWYzZTFhZjVmOTp7Il9hdXRoX3VzZXJfaGFzaCI6IjM5ODQ5OTBiN2NhZTRmODZkYjFkOGNlYTZmNWUwZmZiZDAyMzE4MjUiLCJfYXV0aF91c2VyX2JhY2tlbmQiOiJkamFuZ28uY29udHJpYi5hdXRoLmJhY2tlbmRzLk1vZGVsQmFja2VuZCIsIl9hdXRoX3VzZXJfaWQiOjF9"
  },
  "model": "sessions.session",
  "pk": "p2klspomu43jmhl5cxg99isoeexh5or6"
}, {
  "fields": {
    "expire_date": "2015-02-26T09:25:47.479Z",
    "session_data": "MjM4NGJiZTkxMDRjYzRiNGNhZmZhOThkZTEzMWUwOWYzZTFhZjVmOTp7Il9hdXRoX3VzZXJfaGFzaCI6IjM5ODQ5OTBiN2NhZTRmODZkYjFkOGNlYTZmNWUwZmZiZDAyMzE4MjUiLCJfYXV0aF91c2VyX2JhY2tlbmQiOiJkamFuZ28uY29udHJpYi5hdXRoLmJhY2tlbmRzLk1vZGVsQmFja2VuZCIsIl9hdXRoX3VzZXJfaWQiOjF9"
  },
  "model": "sessions.session",
  "pk": "s063h2g77yi45ujcrxly4f6yha5zff33"
}, {
  "fields": {
    "title": "General"
  },
  "model": "assets.imagecategory",
  "pk": 1
}, {
  "fields": {
    "category": 1,
    "image_height": 375,
    "image_width": 498,
    "file": "assets/image/Pretty-Church.jpg",
    "title": "Pretty Church"
  },
  "model": "assets.image",
  "pk": 1
}, {
  "fields": {
    "category": 1,
    "image_height": 620,
    "image_width": 775,
    "file": "assets/image/cookout_sfGFZGB.jpg",
    "title": "Cookout"
  },
  "model": "assets.image",
  "pk": 2
}, {
  "fields": {
    "category": 1,
    "image_height": 200,
    "image_width": 200,
    "file": "assets/image/200x200_1.jpg",
    "title": "City One"
  },
  "model": "assets.image",
  "pk": 3
}, {
  "fields": {
    "category": 1,
    "image_height": 200,
    "image_width": 200,
    "file": "assets/image/200x200_3.jpg",
    "title": "Horse"
  },
  "model": "assets.image",
  "pk": 4
}, {
  "fields": {
    "category": 1,
    "image_height": 200,
    "image_width": 200,
    "file": "assets/image/200x200_2.jpg",
    "title": "People"
  },
  "model": "assets.image",
  "pk": 5
}, {
  "fields": {
    "category": 1,
    "image_height": 846,
    "image_width": 1783,
    "file": "assets/image/ash_wednesday_cut_IIOS8Zw.jpg",
    "title": "Ash Wednesday"
  },
  "model": "assets.image",
  "pk": 6
}, {
  "fields": {
    "category": 1,
    "image_height": 401,
    "image_width": 1280,
    "file": "assets/image/401.jpg",
    "title": "Cat One"
  },
  "model": "assets.image",
  "pk": 7
}, {
  "fields": {
    "slug": "test",
    "title": "Test"
  },
  "model": "news.category",
  "pk": 1
}, {
  "fields": {
    "slug": "news",
    "title": "News"
  },
  "model": "news.category",
  "pk": 2
}, {
  "fields": {
    "slug": "council",
    "title": "Council"
  },
  "model": "news.category",
  "pk": 3
}, {
  "fields": {
    "category": 1,
    "title": "Test Article",
    "image": null,
    "date_url": "2015-02-12",
    "content": "Lorem ipsum dolor sit amet, consectetur adipiscing elit. Morbi dictum lobortis euismod. Curabitur fermentum eros ac dignissim fermentum. Ut sagittis commodo aliquam. Aenean efficitur enim ut metus gravida rutrum. Nam imperdiet ultrices libero, vel placerat diam laoreet in. Quisque dui augue, eleifend ut cursus hendrerit, maximus a enim. Maecenas sodales nunc sed ligula fermentum, at porta elit auctor. Nullam dignissim placerat vehicula. Proin pretium finibus tristique.\r\n\r\nDonec tincidunt tincidunt aliquet. Proin molestie tortor sit amet justo scelerisque, ac dignissim augue egestas. Cras eros libero, malesuada et quam eget, varius bibendum erat. Pellentesque habitant morbi tristique senectus et netus et malesuada fames ac turpis egestas. Nam vel lectus et libero cursus scelerisque in et ligula. Nulla ultricies mollis ultrices. Cras et finibus nunc. Duis quis dui semper, porttitor augue eu, fringilla sapien. Quisque auctor lectus lacinia ligula eleifend, nec interdum massa dignissim.\r\n\r\nNam maximus elementum ex egestas lacinia. Integer at quam turpis. Donec diam orci, maximus et nunc non, tristique viverra est. Nam vitae tempus enim. Sed non mollis justo. Maecenas cursus nunc augue, ac aliquet dolor suscipit sit amet. In ac leo nec dolor pulvinar facilisis a id ante. Etiam at nulla a leo vulputate mattis at a orci. Vivamus fringilla in nulla et euismod. Praesent dapibus efficitur enim, id pharetra turpis malesuada dictum. Phasellus neque orci, elementum quis augue vitae, dapibus malesuada leo. Fusce quis fermentum neque. Duis risus justo, gravida sed neque ac, facilisis fermentum augue. Praesent ultrices maximus ante eu blandit. Suspendisse ac risus et magna aliquam vehicula eget sed velit. Sed scelerisque non diam sed luctus.",
    "teaser": "Test News Article",
    "published": true,
    "date": "2015-02-12T02:55:20Z",
    "slug": "test-article"
  },
  "model": "news.post",
  "pk": 1
}, {
  "fields": {
    "category": 1,
    "title": "Spring Picnic Coming!",
    "image": 2,
    "date_url": "2015-02-12",
    "content": "That is right, the annual spring picnic is coming in February!  A very cold month that is most definitely not in the spring...",
    "teaser": "The annual Spring Picnic is coming in February!",
    "published": true,
    "date": "2015-02-12T08:23:25Z",
    "slug": "spring-picnic-coming"
  },
  "model": "news.post",
  "pk": 2
}, {
  "fields": {
    "category": 3,
    "title": "2015 Parish Council ",
    "image": 5,
    "date_url": "2015-02-13",
    "content": "2015 Parish Council and Board of Directors of All Saints",
    "teaser": "2015 Parish Council",
    "published": true,
    "date": "2015-02-13T00:50:07Z",
    "slug": "2015-parish-council"
  },
  "model": "news.post",
  "pk": 3
}, {
  "fields": {
    "end": "2015-02-14T15:00:00Z",
    "description": "Our Men's Society and Sunday School PTA will host and treat a Hockey Night at the Floyd Maines Arena on Friday, February 27 at 7:05 pm.  Binghamton vs. Hershey Bears.\r\n\r\nIf you would like to be a part of this fellowship, please sign the reservation sheet in the church vestibule.  Cut off date is February 8.  Tickets are $17.00 per person.  You will receive your tickets and pay the cost of the tickets.  When you attend the hockey match, your ticket price money will be returned to you.  This fellowship is open to non-parish members but they will not receive the free ticket offer.\r\n",
    "end_date": "2015-02-14",
    "title": "Hockey Night",
    "image": 5,
    "summary": "Hockey Night",
    "start": "2015-02-14T12:00:00Z",
    "start_date": "2015-02-14",
    "published": true,
    "slug": "Hockey-night"
  },
  "model": "events.specialevent",
  "pk": 1
}, {
  "fields": {
    "description": "9am Sunday Mass with Father Dennis Ruda.",
    "title": "Sunday Mass",
    "image": 1,
    "frequency": "Weekly",
    "published": true,
    "day_of_the_week": 0
  },
  "model": "events.recurringevent",
  "pk": 1
}, {
  "fields": {
    "description": "Prepare for your first confession and confirmation at 10am.",
    "title": "Sunday School",
    "image": null,
    "frequency": "Weekly",
    "published": true,
    "day_of_the_week": 0
  },
  "model": "events.recurringevent",
  "pk": 2
}, {
  "fields": {
    "description": "7pm Council Meeting at the church in Johnson City",
    "title": "Wednesday Council Meeting",
    "image": 5,
    "frequency": "Weekly",
    "published": true,
    "day_of_the_week": 3
  },
  "model": "events.recurringevent",
  "pk": 3
}, {
  "fields": {
    "name": "assets/image/Pretty-Church.jpg",
    "storage_hash": "f9bde26a1556cd667f742bd34ec7c55e",
    "modified": "2015-02-12T09:27:41.502Z"
  },
  "model": "easy_thumbnails.source",
  "pk": 1
}, {
  "fields": {
    "name": "assets/image/cookout_GTK0FrR.jpg",
    "storage_hash": "f9bde26a1556cd667f742bd34ec7c55e",
    "modified": "2015-02-12T08:25:34.766Z"
  },
  "model": "easy_thumbnails.source",
  "pk": 2
}, {
  "fields": {
    "name": "assets/image/cookout_sfGFZGB.jpg",
    "storage_hash": "f9bde26a1556cd667f742bd34ec7c55e",
    "modified": "2015-02-13T01:11:59.736Z"
  },
  "model": "easy_thumbnails.source",
  "pk": 3
}, {
  "fields": {
    "name": "assets/image/200x200_2.jpg",
    "storage_hash": "f9bde26a1556cd667f742bd34ec7c55e",
    "modified": "2015-02-13T09:55:20.004Z"
  },
  "model": "easy_thumbnails.source",
  "pk": 4
}, {
  "fields": {
    "name": "assets/image/ash_wednesday_cut_IIOS8Zw.jpg",
    "storage_hash": "f9bde26a1556cd667f742bd34ec7c55e",
    "modified": "2015-02-13T07:16:26.743Z"
  },
  "model": "easy_thumbnails.source",
  "pk": 5
}, {
  "fields": {
    "name": "assets/image/401.jpg",
    "storage_hash": "f9bde26a1556cd667f742bd34ec7c55e",
    "modified": "2015-02-13T07:18:22.005Z"
  },
  "model": "easy_thumbnails.source",
  "pk": 6
}, {
  "fields": {
    "source": 1,
    "name": "assets/image/thumbs/Pretty-Church.jpg.500x500_q100_upscale.jpg",
    "storage_hash": "f9bde26a1556cd667f742bd34ec7c55e",
    "modified": "2015-02-12T09:27:36.006Z"
  },
  "model": "easy_thumbnails.thumbnail",
  "pk": 1
}, {
  "fields": {
    "source": 2,
    "name": "assets/image/thumbs/cookout_GTK0FrR.jpg.96x96_q100_crop.jpg",
    "storage_hash": "f9bde26a1556cd667f742bd34ec7c55e",
    "modified": "2015-02-12T02:27:38.176Z"
  },
  "model": "easy_thumbnails.thumbnail",
  "pk": 2
}, {
  "fields": {
    "source": 2,
    "name": "assets/image/thumbs/cookout_GTK0FrR.jpg.461x320_q100_upscale.jpg",
    "storage_hash": "f9bde26a1556cd667f742bd34ec7c55e",
    "modified": "2015-02-12T07:25:48.633Z"
  },
  "model": "easy_thumbnails.thumbnail",
  "pk": 3
}, {
  "fields": {
    "source": 1,
    "name": "assets/image/thumbs/Pretty-Church.jpg.150x150_q100_upscale.jpg",
    "storage_hash": "f9bde26a1556cd667f742bd34ec7c55e",
    "modified": "2015-02-12T07:27:17.782Z"
  },
  "model": "easy_thumbnails.thumbnail",
  "pk": 4
}, {
  "fields": {
    "source": 1,
    "name": "assets/image/thumbs/Pretty-Church.jpg.150x150_q100_crop.jpg",
    "storage_hash": "f9bde26a1556cd667f742bd34ec7c55e",
    "modified": "2015-02-12T09:27:41.511Z"
  },
  "model": "easy_thumbnails.thumbnail",
  "pk": 5
}, {
  "fields": {
    "source": 2,
    "name": "assets/image/thumbs/cookout_GTK0FrR.jpg.150x150_q100_crop.jpg",
    "storage_hash": "f9bde26a1556cd667f742bd34ec7c55e",
    "modified": "2015-02-12T07:35:55.232Z"
  },
  "model": "easy_thumbnails.thumbnail",
  "pk": 6
}, {
  "fields": {
    "source": 2,
    "name": "assets/image/thumbs/cookout_GTK0FrR.jpg.250x250_q100_upscale.jpg",
    "storage_hash": "f9bde26a1556cd667f742bd34ec7c55e",
    "modified": "2015-02-12T08:24:47.780Z"
  },
  "model": "easy_thumbnails.thumbnail",
  "pk": 7
}, {
  "fields": {
    "source": 2,
    "name": "assets/image/thumbs/cookout_GTK0FrR.jpg.250x250_q100_crop.jpg",
    "storage_hash": "f9bde26a1556cd667f742bd34ec7c55e",
    "modified": "2015-02-12T08:25:34.771Z"
  },
  "model": "easy_thumbnails.thumbnail",
  "pk": 8
}, {
  "fields": {
    "source": 3,
    "name": "assets/image/thumbs/cookout_sfGFZGB.jpg.250x250_q100_crop.jpg",
    "storage_hash": "f9bde26a1556cd667f742bd34ec7c55e",
    "modified": "2015-02-12T09:27:39.928Z"
  },
  "model": "easy_thumbnails.thumbnail",
  "pk": 9
}, {
  "fields": {
    "source": 3,
    "name": "assets/image/thumbs/cookout_sfGFZGB.jpg.150x150_q100_crop.jpg",
    "storage_hash": "f9bde26a1556cd667f742bd34ec7c55e",
    "modified": "2015-02-12T09:27:41.690Z"
  },
  "model": "easy_thumbnails.thumbnail",
  "pk": 10
}, {
  "fields": {
    "source": 4,
    "name": "assets/image/thumbs/200x200_2.jpg.150x150_q100_crop.jpg",
    "storage_hash": "f9bde26a1556cd667f742bd34ec7c55e",
    "modified": "2015-02-12T09:54:05.580Z"
  },
  "model": "easy_thumbnails.thumbnail",
  "pk": 11
}, {
  "fields": {
    "source": 4,
    "name": "assets/image/thumbs/200x200_2.jpg.250x250_q100_crop.jpg",
    "storage_hash": "f9bde26a1556cd667f742bd34ec7c55e",
    "modified": "2015-02-13T00:52:42.900Z"
  },
  "model": "easy_thumbnails.thumbnail",
  "pk": 12
}, {
  "fields": {
    "source": 4,
    "name": "assets/image/thumbs/200x200_2.jpg.300x300_q100_upscale.jpg",
    "storage_hash": "f9bde26a1556cd667f742bd34ec7c55e",
    "modified": "2015-02-13T00:57:42.199Z"
  },
  "model": "easy_thumbnails.thumbnail",
  "pk": 13
}, {
  "fields": {
    "source": 3,
    "name": "assets/image/thumbs/cookout_sfGFZGB.jpg.300x300_q100_upscale.jpg",
    "storage_hash": "f9bde26a1556cd667f742bd34ec7c55e",
    "modified": "2015-02-13T01:11:59.747Z"
  },
  "model": "easy_thumbnails.thumbnail",
  "pk": 14
}, {
  "fields": {
    "source": 5,
    "name": "assets/image/thumbs/ash_wednesday_cut_IIOS8Zw.jpg.760x400_q100_crop.jpg",
    "storage_hash": "f9bde26a1556cd667f742bd34ec7c55e",
    "modified": "2015-02-13T07:16:26.749Z"
  },
  "model": "easy_thumbnails.thumbnail",
  "pk": 15
}, {
  "fields": {
    "source": 6,
    "name": "assets/image/thumbs/401.jpg.760x400_q100_crop.jpg",
    "storage_hash": "f9bde26a1556cd667f742bd34ec7c55e",
    "modified": "2015-02-13T07:18:22.011Z"
  },
  "model": "easy_thumbnails.thumbnail",
  "pk": 16
}, {
  "fields": {
    "source": 4,
    "name": "assets/image/thumbs/200x200_2.jpg.461x320_q100_upscale.jpg",
    "storage_hash": "f9bde26a1556cd667f742bd34ec7c55e",
    "modified": "2015-02-13T09:55:20.013Z"
  },
  "model": "easy_thumbnails.thumbnail",
  "pk": 17
}, {
  "fields": {
    "body": "Check out the latest news at All Saints National Catholic Church!",
    "name": "News",
    "button_text": "View news \u00bb",
    "link": "/news/",
    "image_file": 3,
    "heading": "News"
  },
  "model": "easypage.quicklink",
  "pk": 1
}, {
  "fields": {
    "body": "Mingle with community, friends, and family.  We have events every week!",
    "name": "Events",
    "button_text": "View details \u00bb",
    "link": "/events/",
    "image_file": 4,
    "heading": "Events"
  },
  "model": "easypage.quicklink",
  "pk": 2
}, {
  "fields": {
    "body": "See who keeps the gears turning. All of the people working to keep the church going.",
    "name": "People",
    "button_text": "View people \u00bb",
    "link": "/people/",
    "image_file": 5,
    "heading": "People"
  },
  "model": "easypage.quicklink",
  "pk": 3
}, {
  "fields": {
    "body": "",
    "name": "Ash Wednesday",
    "button_text": "",
    "image_link": "/events/",
    "link": "",
    "image_file": 6,
    "heading": "Ash Wednesday: February 18th"
  },
  "model": "easypage.carousel",
  "pk": 1
}, {
  "fields": {
    "body": "Check out this really awesome, supercute kitten.  He is kind of being cropped at the moment.  He is colorful, and in a basket?",
    "name": "Cat One",
    "button_text": "",
    "image_link": "",
    "link": "",
    "image_file": 7,
    "heading": "This is a Cute Cat"
  },
  "model": "easypage.carousel",
  "pk": 2
}, {
  "fields": {
    "body": "Join us for weekly Sunday mass at 9am with with Father Dennis Ruda.",
    "name": "Sunday Mass Feature",
    "button_text": "View details \u00bb",
    "heading_link": "",
    "heading2": "9am in Johnson City",
    "heading1": "Sunday Mass",
    "link": "",
    "image_file": 1
  },
  "model": "easypage.featurette",
  "pk": 2
}, {
  "fields": {
    "codename": "add_logentry",
    "name": "Can add log entry",
    "content_type": 1
  },
  "model": "auth.permission",
  "pk": 1
}, {
  "fields": {
    "codename": "change_logentry",
    "name": "Can change log entry",
    "content_type": 1
  },
  "model": "auth.permission",
  "pk": 2
}, {
  "fields": {
    "codename": "delete_logentry",
    "name": "Can delete log entry",
    "content_type": 1
  },
  "model": "auth.permission",
  "pk": 3
}, {
  "fields": {
    "codename": "add_permission",
    "name": "Can add permission",
    "content_type": 2
  },
  "model": "auth.permission",
  "pk": 4
}, {
  "fields": {
    "codename": "change_permission",
    "name": "Can change permission",
    "content_type": 2
  },
  "model": "auth.permission",
  "pk": 5
}, {
  "fields": {
    "codename": "delete_permission",
    "name": "Can delete permission",
    "content_type": 2
  },
  "model": "auth.permission",
  "pk": 6
}, {
  "fields": {
    "codename": "add_group",
    "name": "Can add group",
    "content_type": 3
  },
  "model": "auth.permission",
  "pk": 7
}, {
  "fields": {
    "codename": "change_group",
    "name": "Can change group",
    "content_type": 3
  },
  "model": "auth.permission",
  "pk": 8
}, {
  "fields": {
    "codename": "delete_group",
    "name": "Can delete group",
    "content_type": 3
  },
  "model": "auth.permission",
  "pk": 9
}, {
  "fields": {
    "codename": "add_user",
    "name": "Can add user",
    "content_type": 4
  },
  "model": "auth.permission",
  "pk": 10
}, {
  "fields": {
    "codename": "change_user",
    "name": "Can change user",
    "content_type": 4
  },
  "model": "auth.permission",
  "pk": 11
}, {
  "fields": {
    "codename": "delete_user",
    "name": "Can delete user",
    "content_type": 4
  },
  "model": "auth.permission",
  "pk": 12
}, {
  "fields": {
    "codename": "add_contenttype",
    "name": "Can add content type",
    "content_type": 5
  },
  "model": "auth.permission",
  "pk": 13
}, {
  "fields": {
    "codename": "change_contenttype",
    "name": "Can change content type",
    "content_type": 5
  },
  "model": "auth.permission",
  "pk": 14
}, {
  "fields": {
    "codename": "delete_contenttype",
    "name": "Can delete content type",
    "content_type": 5
  },
  "model": "auth.permission",
  "pk": 15
}, {
  "fields": {
    "codename": "add_session",
    "name": "Can add session",
    "content_type": 6
  },
  "model": "auth.permission",
  "pk": 16
}, {
  "fields": {
    "codename": "change_session",
    "name": "Can change session",
    "content_type": 6
  },
  "model": "auth.permission",
  "pk": 17
}, {
  "fields": {
    "codename": "delete_session",
    "name": "Can delete session",
    "content_type": 6
  },
  "model": "auth.permission",
  "pk": 18
}, {
  "fields": {
    "codename": "add_imagecategory",
    "name": "Can add image category",
    "content_type": 7
  },
  "model": "auth.permission",
  "pk": 19
}, {
  "fields": {
    "codename": "change_imagecategory",
    "name": "Can change image category",
    "content_type": 7
  },
  "model": "auth.permission",
  "pk": 20
}, {
  "fields": {
    "codename": "delete_imagecategory",
    "name": "Can delete image category",
    "content_type": 7
  },
  "model": "auth.permission",
  "pk": 21
}, {
  "fields": {
    "codename": "add_image",
    "name": "Can add image",
    "content_type": 8
  },
  "model": "auth.permission",
  "pk": 22
}, {
  "fields": {
    "codename": "change_image",
    "name": "Can change image",
    "content_type": 8
  },
  "model": "auth.permission",
  "pk": 23
}, {
  "fields": {
    "codename": "delete_image",
    "name": "Can delete image",
    "content_type": 8
  },
  "model": "auth.permission",
  "pk": 24
}, {
  "fields": {
    "codename": "add_filecategory",
    "name": "Can add file category",
    "content_type": 9
  },
  "model": "auth.permission",
  "pk": 25
}, {
  "fields": {
    "codename": "change_filecategory",
    "name": "Can change file category",
    "content_type": 9
  },
  "model": "auth.permission",
  "pk": 26
}, {
  "fields": {
    "codename": "delete_filecategory",
    "name": "Can delete file category",
    "content_type": 9
  },
  "model": "auth.permission",
  "pk": 27
}, {
  "fields": {
    "codename": "add_file",
    "name": "Can add file",
    "content_type": 10
  },
  "model": "auth.permission",
  "pk": 28
}, {
  "fields": {
    "codename": "change_file",
    "name": "Can change file",
    "content_type": 10
  },
  "model": "auth.permission",
  "pk": 29
}, {
  "fields": {
    "codename": "delete_file",
    "name": "Can delete file",
    "content_type": 10
  },
  "model": "auth.permission",
  "pk": 30
}, {
  "fields": {
    "codename": "add_category",
    "name": "Can add category",
    "content_type": 11
  },
  "model": "auth.permission",
  "pk": 31
}, {
  "fields": {
    "codename": "change_category",
    "name": "Can change category",
    "content_type": 11
  },
  "model": "auth.permission",
  "pk": 32
}, {
  "fields": {
    "codename": "delete_category",
    "name": "Can delete category",
    "content_type": 11
  },
  "model": "auth.permission",
  "pk": 33
}, {
  "fields": {
    "codename": "add_post",
    "name": "Can add post",
    "content_type": 12
  },
  "model": "auth.permission",
  "pk": 34
}, {
  "fields": {
    "codename": "change_post",
    "name": "Can change post",
    "content_type": 12
  },
  "model": "auth.permission",
  "pk": 35
}, {
  "fields": {
    "codename": "delete_post",
    "name": "Can delete post",
    "content_type": 12
  },
  "model": "auth.permission",
  "pk": 36
}, {
  "fields": {
    "codename": "add_page",
    "name": "Can add page",
    "content_type": 13
  },
  "model": "auth.permission",
  "pk": 37
}, {
  "fields": {
    "codename": "change_page",
    "name": "Can change page",
    "content_type": 13
  },
  "model": "auth.permission",
  "pk": 38
}, {
  "fields": {
    "codename": "delete_page",
    "name": "Can delete page",
    "content_type": 13
  },
  "model": "auth.permission",
  "pk": 39
}, {
  "fields": {
    "codename": "add_specialevent",
    "name": "Can add special event",
    "content_type": 14
  },
  "model": "auth.permission",
  "pk": 40
}, {
  "fields": {
    "codename": "change_specialevent",
    "name": "Can change special event",
    "content_type": 14
  },
  "model": "auth.permission",
  "pk": 41
}, {
  "fields": {
    "codename": "delete_specialevent",
    "name": "Can delete special event",
    "content_type": 14
  },
  "model": "auth.permission",
  "pk": 42
}, {
  "fields": {
    "codename": "add_recurringevent",
    "name": "Can add recurring event",
    "content_type": 15
  },
  "model": "auth.permission",
  "pk": 43
}, {
  "fields": {
    "codename": "change_recurringevent",
    "name": "Can change recurring event",
    "content_type": 15
  },
  "model": "auth.permission",
  "pk": 44
}, {
  "fields": {
    "codename": "delete_recurringevent",
    "name": "Can delete recurring event",
    "content_type": 15
  },
  "model": "auth.permission",
  "pk": 45
}, {
  "fields": {
    "codename": "add_source",
    "name": "Can add source",
    "content_type": 16
  },
  "model": "auth.permission",
  "pk": 46
}, {
  "fields": {
    "codename": "change_source",
    "name": "Can change source",
    "content_type": 16
  },
  "model": "auth.permission",
  "pk": 47
}, {
  "fields": {
    "codename": "delete_source",
    "name": "Can delete source",
    "content_type": 16
  },
  "model": "auth.permission",
  "pk": 48
}, {
  "fields": {
    "codename": "add_thumbnail",
    "name": "Can add thumbnail",
    "content_type": 17
  },
  "model": "auth.permission",
  "pk": 49
}, {
  "fields": {
    "codename": "change_thumbnail",
    "name": "Can change thumbnail",
    "content_type": 17
  },
  "model": "auth.permission",
  "pk": 50
}, {
  "fields": {
    "codename": "delete_thumbnail",
    "name": "Can delete thumbnail",
    "content_type": 17
  },
  "model": "auth.permission",
  "pk": 51
}, {
  "fields": {
    "codename": "add_thumbnaildimensions",
    "name": "Can add thumbnail dimensions",
    "content_type": 18
  },
  "model": "auth.permission",
  "pk": 52
}, {
  "fields": {
    "codename": "change_thumbnaildimensions",
    "name": "Can change thumbnail dimensions",
    "content_type": 18
  },
  "model": "auth.permission",
  "pk": 53
}, {
  "fields": {
    "codename": "delete_thumbnaildimensions",
    "name": "Can delete thumbnail dimensions",
    "content_type": 18
  },
  "model": "auth.permission",
  "pk": 54
}, {
  "fields": {
    "codename": "add_quicklink",
    "name": "Can add quick link",
    "content_type": 19
  },
  "model": "auth.permission",
  "pk": 55
}, {
  "fields": {
    "codename": "change_quicklink",
    "name": "Can change quick link",
    "content_type": 19
  },
  "model": "auth.permission",
  "pk": 56
}, {
  "fields": {
    "codename": "delete_quicklink",
    "name": "Can delete quick link",
    "content_type": 19
  },
  "model": "auth.permission",
  "pk": 57
}, {
  "fields": {
    "codename": "add_carousel",
    "name": "Can add carousel",
    "content_type": 20
  },
  "model": "auth.permission",
  "pk": 58
}, {
  "fields": {
    "codename": "change_carousel",
    "name": "Can change carousel",
    "content_type": 20
  },
  "model": "auth.permission",
  "pk": 59
}, {
  "fields": {
    "codename": "delete_carousel",
    "name": "Can delete carousel",
    "content_type": 20
  },
  "model": "auth.permission",
  "pk": 60
}, {
  "fields": {
    "codename": "add_featurette",
    "name": "Can add featurette",
    "content_type": 21
  },
  "model": "auth.permission",
  "pk": 61
}, {
  "fields": {
    "codename": "change_featurette",
    "name": "Can change featurette",
    "content_type": 21
  },
  "model": "auth.permission",
  "pk": 62
}, {
  "fields": {
    "codename": "delete_featurette",
    "name": "Can delete featurette",
    "content_type": 21
  },
  "model": "auth.permission",
  "pk": 63
}, {
  "fields": {
    "name": "News Contributor",
    "permissions": [28, 25, 22, 19, 31, 34, 35]
  },
  "model": "auth.group",
  "pk": 1
}, {
  "fields": {
    "name": "Event Contributor",
    "permissions": [28, 25, 22, 19, 43, 44, 45, 40, 41, 42]
  },
  "model": "auth.group",
  "pk": 2
}, {
  "fields": {
    "name": "Contributor Admin",
    "permissions": [28, 29, 30, 25, 26, 27, 22, 23, 24, 19, 20, 21, 13, 14, 15, 58, 59, 60, 55, 56, 57, 43, 44, 45, 40, 41, 42, 31, 32, 33, 34, 35, 36]
  },
  "model": "auth.group",
  "pk": 3
}, {
  "fields": {
    "name": "Homepage Contributor",
    "permissions": [28, 25, 22, 19, 58, 59, 55, 56]
  },
  "model": "auth.group",
  "pk": 4
}, {
  "fields": {
    "name": "Admin",
    "permissions": [1, 2, 3, 28, 29, 30, 25, 26, 27, 22, 23, 24, 19, 20, 21, 7, 8, 9, 4, 5, 6, 10, 11, 12, 13, 14, 15, 58, 59, 60, 55, 56, 57, 46, 47, 48, 49, 50, 51, 52, 53, 54, 43, 44, 45, 40, 41, 42, 31, 32, 33, 34, 35, 36, 37, 38, 39, 16, 17, 18]
  },
  "model": "auth.group",
  "pk": 5
}, {
  "fields": {
    "username": "jason",
    "first_name": "",
    "last_name": "",
    "is_active": true,
    "is_superuser": true,
    "is_staff": true,
    "last_login": "2015-02-13T23:06:16.249Z",
    "groups": [],
    "user_permissions": [],
    "password": "pbkdf2_sha256$12000$YhEDbjZwMBpH$ONSdL+vMlLTLbcfMNUC2hc57THC2tdCkUL+jcBa87sE=",
    "email": "",
    "date_joined": "2015-02-12T01:55:34.268Z"
  },
  "model": "auth.user",
  "pk": 1
}, {
  "fields": {
    "username": "kyeomans",
    "first_name": "Kelley",
    "last_name": "Yeomans",
    "is_active": true,
    "is_superuser": false,
    "is_staff": true,
    "last_login": "2015-02-13T00:44:19.147Z",
    "groups": [5],
    "user_permissions": [],
    "password": "pbkdf2_sha256$12000$9uSvTMKAddUr$mCYGVHQ+TtTvIB/X8nmZLW9IGW4IXWL9mKagcsAmJ8w=",
    "email": "",
    "date_joined": "2015-02-12T19:15:39Z"
  },
  "model": "auth.user",
  "pk": 2
}, {
  "fields": {
    "action_flag": 1,
    "action_time": "2015-02-12T01:57:03.300Z",
    "object_repr": "General",
    "object_id": "1",
    "change_message": "",
    "user": 1,
    "content_type": 7
  },
  "model": "admin.logentry",
  "pk": 1
}, {
  "fields": {
    "action_flag": 1,
    "action_time": "2015-02-12T01:57:39.973Z",
    "object_repr": "Pretty Church",
    "object_id": "1",
    "change_message": "",
    "user": 1,
    "content_type": 8
  },
  "model": "admin.logentry",
  "pk": 2
}, {
  "fields": {
    "action_flag": 1,
    "action_time": "2015-02-12T02:00:29.467Z",
    "object_repr": "Sunday Mass Feature",
    "object_id": "2",
    "change_message": "",
    "user": 1,
    "content_type": 21
  },
  "model": "admin.logentry",
  "pk": 3
}, {
  "fields": {
    "action_flag": 1,
    "action_time": "2015-02-12T02:24:57.773Z",
    "object_repr": "Sunday Mass",
    "object_id": "1",
    "change_message": "",
    "user": 1,
    "content_type": 15
  },
  "model": "admin.logentry",
  "pk": 4
}, {
  "fields": {
    "action_flag": 1,
    "action_time": "2015-02-12T02:25:51.126Z",
    "object_repr": "Sunday School",
    "object_id": "2",
    "change_message": "",
    "user": 1,
    "content_type": 15
  },
  "model": "admin.logentry",
  "pk": 5
}, {
  "fields": {
    "action_flag": 1,
    "action_time": "2015-02-12T02:26:29.232Z",
    "object_repr": "Cookout",
    "object_id": "2",
    "change_message": "",
    "user": 1,
    "content_type": 8
  },
  "model": "admin.logentry",
  "pk": 6
}, {
  "fields": {
    "action_flag": 1,
    "action_time": "2015-02-12T02:27:33.931Z",
    "object_repr": "Spring Picnic",
    "object_id": "1",
    "change_message": "",
    "user": 1,
    "content_type": 14
  },
  "model": "admin.logentry",
  "pk": 7
}, {
  "fields": {
    "action_flag": 1,
    "action_time": "2015-02-12T02:55:33.891Z",
    "object_repr": "Test",
    "object_id": "1",
    "change_message": "",
    "user": 1,
    "content_type": 11
  },
  "model": "admin.logentry",
  "pk": 8
}, {
  "fields": {
    "action_flag": 1,
    "action_time": "2015-02-12T03:13:26.952Z",
    "object_repr": "Test Article",
    "object_id": "1",
    "change_message": "",
    "user": 1,
    "content_type": 12
  },
  "model": "admin.logentry",
  "pk": 9
}, {
  "fields": {
    "action_flag": 1,
    "action_time": "2015-02-12T08:24:42.346Z",
    "object_repr": "Spring Picnic Coming!",
    "object_id": "2",
    "change_message": "",
    "user": 1,
    "content_type": 12
  },
  "model": "admin.logentry",
  "pk": 10
}, {
  "fields": {
    "action_flag": 2,
    "action_time": "2015-02-12T09:27:21.769Z",
    "object_repr": "Cookout",
    "object_id": "2",
    "change_message": "Changed file.",
    "user": 1,
    "content_type": 8
  },
  "model": "admin.logentry",
  "pk": 11
}, {
  "fields": {
    "action_flag": 2,
    "action_time": "2015-02-12T09:27:33.577Z",
    "object_repr": "Pretty Church",
    "object_id": "1",
    "change_message": "Changed file.",
    "user": 1,
    "content_type": 8
  },
  "model": "admin.logentry",
  "pk": 12
}, {
  "fields": {
    "action_flag": 1,
    "action_time": "2015-02-12T09:29:01.764Z",
    "object_repr": "City One",
    "object_id": "3",
    "change_message": "",
    "user": 1,
    "content_type": 8
  },
  "model": "admin.logentry",
  "pk": 13
}, {
  "fields": {
    "action_flag": 1,
    "action_time": "2015-02-12T09:29:40.970Z",
    "object_repr": "News",
    "object_id": "1",
    "change_message": "",
    "user": 1,
    "content_type": 19
  },
  "model": "admin.logentry",
  "pk": 14
}, {
  "fields": {
    "action_flag": 1,
    "action_time": "2015-02-12T09:29:55.817Z",
    "object_repr": "Horse",
    "object_id": "4",
    "change_message": "",
    "user": 1,
    "content_type": 8
  },
  "model": "admin.logentry",
  "pk": 15
}, {
  "fields": {
    "action_flag": 1,
    "action_time": "2015-02-12T09:30:40.021Z",
    "object_repr": "Events",
    "object_id": "2",
    "change_message": "",
    "user": 1,
    "content_type": 19
  },
  "model": "admin.logentry",
  "pk": 16
}, {
  "fields": {
    "action_flag": 1,
    "action_time": "2015-02-12T09:30:53.593Z",
    "object_repr": "People",
    "object_id": "5",
    "change_message": "",
    "user": 1,
    "content_type": 8
  },
  "model": "admin.logentry",
  "pk": 17
}, {
  "fields": {
    "action_flag": 1,
    "action_time": "2015-02-12T09:31:36.271Z",
    "object_repr": "People",
    "object_id": "3",
    "change_message": "",
    "user": 1,
    "content_type": 19
  },
  "model": "admin.logentry",
  "pk": 18
}, {
  "fields": {
    "action_flag": 1,
    "action_time": "2015-02-12T09:32:02.921Z",
    "object_repr": "Ash Wednesday",
    "object_id": "6",
    "change_message": "",
    "user": 1,
    "content_type": 8
  },
  "model": "admin.logentry",
  "pk": 19
}, {
  "fields": {
    "action_flag": 1,
    "action_time": "2015-02-12T09:32:16.150Z",
    "object_repr": "Ash Wednesday",
    "object_id": "1",
    "change_message": "",
    "user": 1,
    "content_type": 20
  },
  "model": "admin.logentry",
  "pk": 20
}, {
  "fields": {
    "action_flag": 1,
    "action_time": "2015-02-12T09:53:44.546Z",
    "object_repr": "Wednesday Council Meeting",
    "object_id": "3",
    "change_message": "",
    "user": 1,
    "content_type": 15
  },
  "model": "admin.logentry",
  "pk": 21
}, {
  "fields": {
    "action_flag": 1,
    "action_time": "2015-02-12T19:15:39.143Z",
    "object_repr": "kyeomans",
    "object_id": "2",
    "change_message": "",
    "user": 1,
    "content_type": 4
  },
  "model": "admin.logentry",
  "pk": 22
}, {
  "fields": {
    "action_flag": 2,
    "action_time": "2015-02-12T19:16:32.209Z",
    "object_repr": "kyeomans",
    "object_id": "2",
    "change_message": "Changed first_name, last_name, is_staff and groups.",
    "user": 1,
    "content_type": 4
  },
  "model": "admin.logentry",
  "pk": 23
}, {
  "fields": {
    "action_flag": 1,
    "action_time": "2015-02-13T00:51:28.453Z",
    "object_repr": "News",
    "object_id": "2",
    "change_message": "",
    "user": 2,
    "content_type": 11
  },
  "model": "admin.logentry",
  "pk": 24
}, {
  "fields": {
    "action_flag": 1,
    "action_time": "2015-02-13T00:51:42.697Z",
    "object_repr": "Council",
    "object_id": "3",
    "change_message": "",
    "user": 2,
    "content_type": 11
  },
  "model": "admin.logentry",
  "pk": 25
}, {
  "fields": {
    "action_flag": 1,
    "action_time": "2015-02-13T00:52:37.664Z",
    "object_repr": "2015 Parish Council ",
    "object_id": "3",
    "change_message": "",
    "user": 2,
    "content_type": 12
  },
  "model": "admin.logentry",
  "pk": 26
}, {
  "fields": {
    "action_flag": 2,
    "action_time": "2015-02-13T01:11:35.651Z",
    "object_repr": "Hockey Night",
    "object_id": "1",
    "change_message": "Changed title, slug, image and description.",
    "user": 2,
    "content_type": 14
  },
  "model": "admin.logentry",
  "pk": 27
}, {
  "fields": {
    "action_flag": 2,
    "action_time": "2015-02-13T01:14:09.902Z",
    "object_repr": "Hockey Night",
    "object_id": "1",
    "change_message": "Changed summary.",
    "user": 2,
    "content_type": 14
  },
  "model": "admin.logentry",
  "pk": 28
}, {
  "fields": {
    "action_flag": 2,
    "action_time": "2015-02-13T07:16:57.249Z",
    "object_repr": "Ash Wednesday",
    "object_id": "1",
    "change_message": "Changed heading.",
    "user": 1,
    "content_type": 20
  },
  "model": "admin.logentry",
  "pk": 29
}, {
  "fields": {
    "action_flag": 1,
    "action_time": "2015-02-13T07:17:18.257Z",
    "object_repr": "Cat One",
    "object_id": "7",
    "change_message": "",
    "user": 1,
    "content_type": 8
  },
  "model": "admin.logentry",
  "pk": 30
}, {
  "fields": {
    "action_flag": 1,
    "action_time": "2015-02-13T07:18:17.753Z",
    "object_repr": "Cat One",
    "object_id": "2",
    "change_message": "",
    "user": 1,
    "content_type": 20
  },
  "model": "admin.logentry",
  "pk": 31
}]
